movieId,title,year,watched,genres,rating
101,Toy Story,1995,yes,Adventure|Animation|Children|Comedy|Fantasy,10
102,Jumanji,2017,no,Adventure|Children|Fantasy,8
103,Grumpier Old Men,1995,yes,Comedy|Romance,6
104,Dangerous Minds,1995,yes,Drama,6
105,Mortal Kombat,1997,yes,Action|Adventure|Fantasy,2
106,To Die For,1995,no,Comedy|Drama|Thriller,7
107,How to Make an American Quilt,1995,no,Drama|Romance,6
108,Seven,1995,yes,Mystery|Thriller,10
109,Pocahontas,1995,yes,Animation|Children|Drama|Musical|Romance,10
110,Home for the Holidays,1995,no,Drama,8
111,Les Miserables,2012,no,Drama|War,9
