,movieId,title,year,watched,genres,rating
0,101,Toy Story,1995,yes,Adventure|Animation|Children|Comedy|Fantasy,5
1,102,Jumanji,2017,no,Adventure|Children|Fantasy,5
2,103,Grumpier Old Men,1995,yes,Comedy|Romance,5
3,104,Dangerous Minds,1995,yes,Drama,5
4,105,Mortal Kombat,1997,yes,Action|Adventure|Fantasy,2
5,106,To Die For,1995,no,Comedy|Drama|Thriller,5
6,107,How to Make an American Quilt,1995,no,Drama|Romance,5
7,108,Seven,1995,yes,Mystery|Thriller,5
8,109,Pocahontas,1995,yes,Animation|Children|Drama|Musical|Romance,5
9,110,Home for the Holidays,1995,no,Drama,5
10,111,Les Miserables,2012,no,Drama|War,5
